<!DOCTYPE SimulIDE>

<parts>
  
  <port name="PORTA" pins="3" outreg="PORTA" inreg="PINA" dirreg="DDRA" 
                     resetpin="PORTA2">
    <interrupt name="PCINT1" mask="PCMSK1"/>
  </port>
  
  <port name="PORTB" pins="8" outreg="PORTB" inreg="PINB" dirreg="DDRB" >
    <interrupt name="PCINT0" mask="PCMSK0"/>
  </port>

  <port name="PORTD" pins="7" outreg="PORTD" inreg="PIND" dirreg="DDRD">
    <interrupt name="PCINT2" mask="PCMSK2"/>
    <extint    name="INT0" pin="PORTD2" configbits="ISC00,ISC01"/>
    <extint    name="INT1" pin="PORTD3" configbits="ISC10,ISC11"/>
  </port>
  
  <intosc name="intosc" clockpins="PORTA0,PORTA1" />

  <timer name="TIMER0" type="800" configregsA="TCCR0A" configregsB="TCCR0B"
                       counter="TCNT0" 
                       clockpin="PORTD4" 
                       interrupt="T0_OVF"
                       prescalers="0,1,8,64,256,1024,EXT_F,EXT_R" 
                       prselect="CS00,CS01,CS02" >
    
    <ocunit name="OC0A" pin="PORTB2" ocreg="OCR0A" bits="COM0A0,COM0A1" interrupt="T0COA" />
    <ocunit name="OC0B" pin="PORTD5" ocreg="OCR0B" bits="COM0B0,COM0B1" interrupt="T0COB" />
  </timer>

  <timer name="TIMER1" type="160" configregsA="TCCR1A" configregsB="TCCR1B"
                       counter="TCNT1L,TCNT1H" 
                       clockpin="PORTD5" 
                       interrupt="T1_OVF"
                       prescalers="0,1,8,64,256,1024,EXT_F,EXT_R" 
                       prselect="CS10,CS11,CS12" >
    
    <ocunit name="OC1A" pin="PORTB3" ocreg="OCR1AL,OCR1AH" bits="COM1A0,COM1A1" interrupt="T1COA" />
    <ocunit name="OC1B" pin="PORTB4" ocreg="OCR1BL,OCR1BH" bits="COM1B0,COM1B1" interrupt="T1COB" />
    <icunit name="IC1"  pin="PORTD6" icreg="ICR1L,ICR1H"   bits="ICES1,ICNC1"   interrupt="T1CAP" />
  </timer>

  <usart name="USART" number="1" configregsA="UCSRA" configregsB="UCSRB" configregsC="UCSRC"
                       interrupt="USART_U">
                                   
    <trunit type="tx" pin="PORTD1" register="UDR" interrupt="USART_T" />
    <trunit type="rx" pin="PORTD0"                interrupt="USART_R" />
  </usart>


  <wdt  name="WDT00" configregsA="WDTCSR" 
                     interrupt="WDT"
                     prescalers="512,256,128,64,32,16,8,4,2,1,1,1,1,1,1,1"/>

  <rom  name="ROM"  configregsA="EECR"
                    dataregs="EEDR" 
                    addressreg="EEAR" 
                    interrupt="EEPR" />

  <comp name="COMP" configregsA="ACSR" configbitsB="AIN0D,AIN1D"
                    interrupt="ACOMP" 
                    pins="PORTB0,PORTB1" />
</parts>
