<parts>
  <port name="PORTP" pins="4" outreg="GPIO" dirreg="!TRISGPIO" 
                     inpmask="11110111" 
                     pullups="!GPPU" 
                     resetpin="PORTP3">
  </port>

  <intosc name="intosc" />

  <timer name="TIMER0" type="800" configregsA="OPTION"
                       counter="TMR0"
                       clockpin="PORTP2"
                       prescalers="2,4,8,16,32,64,128,256">
  </timer>
  
  <wdt name="WDT" configregsA="OPTION"
                  prescalers="1,2,4,8,16,32,64,128"/>
  
  <configwords name="cfgWord" type="03">
    <word name="COINFIG1" address="0x2007" value="0xFF" />
    <word name="COINFIG2" address="0x2008" value="0xFF" />
  </configwords>
</parts>
