<parts>
    <interrupts enable="I">
        <interrupt name="RESET"                                 priority="57" vector="0x0000"/>
        <interrupt name="INT0"     enable="INT0"   flag="INTF0" priority="56" vector="0x0002" clear="1"/>
        <interrupt name="INT1"     enable="INT1"   flag="INTF1" priority="55" vector="0x0004" clear="1"/>
        <interrupt name="INT2"     enable="INT2"   flag="INTF2" priority="54" vector="0x0006" clear="1"/>
        <interrupt name="INT3"     enable="INT3"   flag="INTF3" priority="53" vector="0x0008" clear="1"/>
        <interrupt name="INT4"     enable="INT4"   flag="INTF4" priority="52" vector="0x000A" clear="1"/>
        <interrupt name="INT5"     enable="INT5"   flag="INTF5" priority="51" vector="0x000C" clear="1"/>
        <interrupt name="INT6"     enable="INT6"   flag="INTF6" priority="50" vector="0x000E" clear="1"/>
        <interrupt name="INT7"     enable="INT7"   flag="INTF7" priority="49" vector="0x0010" clear="1"/>
        
        <interrupt name="PCINT0"   enable="PCIE0"  flag="PCIF0" priority="48" vector="0x0012" clear="1"/>
        <interrupt name="PCINT1"   enable="PCIE1"  flag="PCIF1" priority="47" vector="0x0014" clear="1"/>
        <interrupt name="PCINT2"   enable="PCIE2"  flag="PCIF2" priority="46" vector="0x0016" clear="1"/>
        <interrupt name="WDT"      enable="WDIE"   flag="WDIF"  priority="45" vector="0x0018"/>
        <interrupt name="T2COA"    enable="OCIE2A" flag="OCF2A" priority="44" vector="0x001A" clear="1"/>
        <interrupt name="T2COB"    enable="OCIE2B" flag="OCF2B" priority="43" vector="0x001C" clear="1"/>
        <interrupt name="T2_OVF"   enable="TOIE2"  flag="TOV2"  priority="42" vector="0x001E" clear="1"/>
        <interrupt name="T1CAP"    enable="ICIE1"  flag="ICF1"  priority="41" vector="0x0020" clear="1"/>
        <interrupt name="T1COA"    enable="OCIE1A" flag="OCF1A" priority="40" vector="0x0022" clear="1"/>
        <interrupt name="T1COB"    enable="OCIE1B" flag="OCF1B" priority="39" vector="0x0024" clear="1"/>
        <interrupt name="T1COC"    enable="OCIE1C" flag="OCF1C" priority="38" vector="0x0026" clear="1"/>
        <interrupt name="T1_OVF"   enable="TOIE1"  flag="TOV1"  priority="37" vector="0x0028" clear="1"/>
        <interrupt name="T0COA"    enable="OCIE0A" flag="OCF0A" priority="36" vector="0x002A" clear="1"/>
        <interrupt name="T0COB"    enable="OCIE0B" flag="OCF0B" priority="35" vector="0x002C" clear="1"/>
        <interrupt name="T0_OVF"   enable="TOIE0"  flag="TOV0"  priority="34" vector="0x002E" clear="1"/>
        <interrupt name="SPI"      enable="SPIE"   flag="SPIF"  priority="33" vector="0x0030" />
        <interrupt name="USART0_R" enable="RXCIE0" flag="RXC0"  priority="32" vector="0x0032" autoclear="0"/>
        <interrupt name="USART0_U" enable="UDRIE0" flag="UDRE0" priority="31" vector="0x0034" autoclear="0"/>
        <interrupt name="USART0_T" enable="TXCIE0" flag="TXC0"  priority="30" vector="0x0036" clear="1"/>
        <interrupt name="ACOMP"    enable="ACIE"   flag="ACI"   priority="29" vector="0x0038" clear="1"/>
        <interrupt name="ADC"      enable="ADIE"   flag="ADIF"  priority="28" vector="0x003A" clear="1"/>
        <interrupt name="EEPR"     enable="EERIE"  flag=""      priority="27" vector="0x003C"/>
        
        <interrupt name="T3CAP"    enable="ICIE3"  flag="ICF3"  priority="26" vector="0x003E" clear="1"/>
        <interrupt name="T3COA"    enable="OCIE3A" flag="OCF3A" priority="25" vector="0x0040" clear="1"/>
        <interrupt name="T3COB"    enable="OCIE3B" flag="OCF3B" priority="24" vector="0x0042" clear="1"/>
        <interrupt name="T3COC"    enable="OCIE3C" flag="OCF3C" priority="23" vector="0x0044"/>
        <interrupt name="T3_OVF"   enable="TOIE3"  flag="TOV3"  priority="22" vector="0x0046" clear="1"/>
        
        <interrupt name="USART1_R" enable="RXCIE1" flag="RXC1"  priority="21" vector="0x0048" autoclear="0"/>
        <interrupt name="USART1_U" enable="UDRIE1" flag="UDRE1" priority="20" vector="0x004A" autoclear="0"/>
        <interrupt name="USART1_T" enable="TXCIE1" flag="TXC1"  priority="19" vector="0x004C" clear="1"/>
        
        <interrupt name="TWI"      enable="TWIE"   flag="TWINT" priority="18"  vector="0x004E" clear="1" autoclear="0"/>
        
        <interrupt name="SPM"      enable=""  flag="" priority="17" vector="0x0050"/>
        
        <interrupt name="T4CAP"    enable="ICIE4"  flag="ICF4"  priority="16" vector="0x0052" clear="1"/>
        <interrupt name="T4COA"    enable="OCIE4A" flag="OCF4A" priority="15" vector="0x0054" clear="1"/>
        <interrupt name="T4COB"    enable="OCIE4B" flag="OCF4B" priority="14" vector="0x0056" clear="1"/>
        <interrupt name="T4COC"    enable="OCIE4C" flag="OCF4C" priority="13" vector="0x0058"/>
        <interrupt name="T4_OVF"   enable="TOIE4"  flag="TOV4"  priority="12" vector="0x005A" clear="1"/>
        
        <interrupt name="T5CAP"    enable="ICIE5"  flag="ICF5"  priority="11" vector="0x005C" clear="1"/>
        <interrupt name="T5COA"    enable="OCIE5A" flag="OCF5A" priority="10" vector="0x005E" clear="1"/>
        <interrupt name="T5COB"    enable="OCIE5B" flag="OCF5B" priority="9"  vector="0x0060" clear="1"/>
        <interrupt name="T5COC"    enable="OCIE5C" flag="OCF5C" priority="8"  vector="0x0062"/>
        <interrupt name="T5_OVF"   enable="TOIE5"  flag="TOV5"  priority="7"  vector="0x0064" clear="1"/>
        
        <interrupt name="USART2_R" enable="RXCIE2" flag="RXC2"  priority="6"  vector="0x0066" autoclear="0"/>
        <interrupt name="USART2_U" enable="UDRIE2" flag="UDRE2" priority="5"  vector="0x0068" autoclear="0"/>
        <interrupt name="USART2_T" enable="TXCIE2" flag="TXC2"  priority="4"  vector="0x006A" clear="1"/>
        
        <interrupt name="USART3_R" enable="RXCIE3" flag="RXC3"  priority="3"  vector="0x006C" autoclear="0"/>
        <interrupt name="USART3_U" enable="UDRIE3" flag="UDRE3" priority="2"  vector="0x006E" autoclear="0"/>
        <interrupt name="USART3_T" enable="TXCIE3" flag="TXC3"  priority="1"  vector="0x0070" clear="1"/>
    </interrupts>
</parts>
