<parts>
  <port name="PORTA" pins="6" outreg="PORTA" dirreg="!TRISA"
                     inpmask="00110111"
                     resetpin="PORTA3"
                     pullups="WPUA" >
                     
    <interrupt name="PA_INT" mask="00111111"/>
    <extint    name="INT" pin="PORTA2" configbits="INTEDG"/>
  </port>
  
  <port name="PORTB" pins="8" outreg="PORTB" dirreg="!TRISB" pinmask="11110000" />

  <port name="PORTC" pins="8" outreg="PORTC" dirreg="!TRISC" />
  
  <intosc name="intosc" type="00" configregsA="OSCCON" 
                        clockpins="PORTA4,PORTA5" />

  <timer name="TIMER0" type="800" configregsA="OPTION" clockpin="PORTA2"
                       counter="TMR0"
                       interrupt="T0_OVF"
                       prescalers="2,4,8,16,32,64,128,256"/>

  <timer name="TIMER1" type="160" configregsA="T1CON" clockpin="PORTA5"
                       counter="TMR1L,TMR1H"
                       interrupt="T1_OVF"
                       prescalers="1,2,4,8"/>
                       
  <vref name="Vref" configregsA="VRCON" pinout="PORTA2"/>

  <comp name="COMP1" type="11" configregsA="CM1CON0"  configregsC="SRCON"
                     interrupt="ACOMP1"
                     pins="PORTA1,PORTC1,PORTC2,PORTC3,PORTA0,PORTA2" />

  <comp name="COMP2" type="12" configregsA="CM2CON0" configregsB="CM2CON1" configregsC="SRCON"
                     interrupt="ACOMP2"
                     pins="PORTA1,PORTC1,PORTC2,PORTC3,PORTC0,PORTC4" />
                      
  <adc name="ADC" type="11" bits="10" configregsA="ADCON0"
                        dataregs="ADRESL,ADRESH"
                        interrupt="ADC"
                        prescalers="2,8,32,0,4,16,64"
                        adcpins="PORTA0,PORTA1,PORTA2,PORTA4,PORTC0,PORTC1,PORTC2,PORTC3"
                        vrefpins="PORTA1"/>

  <wdt name="WDT" configregsA="OPTION"
                  prescalers="1,2,4,8,16,32,64,128"/>

  <configwords name="cfgWord" type="00">
    <word name="COINFIG1" address="0x2007" value="0xFF" />
    <word name="COINFIG2" address="0x2008" value="0xFF" />
  </configwords>
</parts>
