<parts>
    <interrupts enable="I">
        <interrupt name="RESET"                                  priority="43" vector="0x0000"/>
        <interrupt name="INT0"      enable="INT0"   flag="INTF0" priority="42" vector="0x0002" clear="1"/>
        <interrupt name="INT1"      enable="INT1"   flag="INTF1" priority="41" vector="0x0004" clear="1"/>
        <interrupt name="INT2"      enable="INT2"   flag="INTF2" priority="40" vector="0x0006" clear="1"/>
        <interrupt name="INT3"      enable="INT3"   flag="INTF3" priority="39" vector="0x0008" clear="1"/>

        <interrupt name="INT6"      enable="INT6"   flag="INTF6" priority="36" vector="0x000E" clear="1"/>
        
        <interrupt name="PCINT0"    enable="PCIE0"  flag="PCIF0" priority="34" vector="0x0012" clear="1"/>
        
        <interrupt name="USB_G"    enable=""  flag="" priority="33" vector="0x0014"/>
        <interrupt name="USB_E"    enable=""  flag="" priority="32" vector="0x0016"/>
        <interrupt name="WDT"      enable="WDIE"   flag="WDIF"   priority="31" vector="0x0018"/>
        
        <interrupt name="T1CAP"    enable="ICIE1"  flag="ICF1"   priority="27" vector="0x0020" clear="1">
        <interrupt name="T1COA"    enable="OCIE1A" flag="OCF1A"  priority="26" vector="0x0022"/>
        <interrupt name="T1COB"    enable="OCIE1B" flag="OCF1B"  priority="25" vector="0x0024"/>
        <interrupt name="T1COC"    enable="OCIE1C" flag="OCF1C"  priority="24" vector="0x0026"/>
        <interrupt name="T1_OVF"   enable="TOIE1"  flag="TOV1"   priority="23" vector="0x0028"/>
        <interrupt name="T0COA"    enable="OCIE0A" flag="OCF0A"  priority="22" vector="0x002A"/>
        <interrupt name="T0COB"    enable="OCIE0B" flag="OCF0B"  priority="21" vector="0x002C"/>
        <interrupt name="T0_OVF"   enable="TOIE0"  flag="TOV0"   priority="20" vector="0x002E"/>
        <interrupt name="SPI"      enable="SPIE"   flag="SPIF"   priority="19" vector="0x0030" />
        <interrupt name="USART1_R" enable="RXCIE1" flag="RXC1"   priority="18" vector="0x0032" autoclear="0"/>
        <interrupt name="USART1_U" enable="UDRIE1" flag="UDRE1"  priority="17" vector="0x0034" autoclear="0"/>
        <interrupt name="USART1_T" enable="TXCIE1" flag="TXC1"   priority="16" vector="0x0036" clear="1"/>
        <interrupt name="ACOMP"    enable="ACIE"   flag="ACI"    priority="15" vector="0x0038" clear="1"/>
        <interrupt name="ADC"      enable="ADIE"   flag="ADIF"   priority="14" vector="0x003A" clear="1"/>
        <interrupt name="EEPR"     enable="EERIE"  flag=""       priority="13" vector="0x003C"/>
        <interrupt name="T3CAP"    enable=" "  flag=" " priority="12" vector="0x003E" clear="1">
        <interrupt name="T3COA"    enable="OCIE3A" flag="OCF3A"  priority="11" vector="0x0040"/>
        <interrupt name="T3COB"    enable="OCIE3B" flag="OCF3B"  priority="10" vector="0x0042"/>
        <interrupt name="T3COC"    enable="OCIE3C" flag="OCF3C"  priority="9"  vector="0x0044"/>
        <interrupt name="T3_OVF"   enable="TOIE3"  flag="TOV3"   priority="8"  vector="0x0046"/>
        <interrupt name="TWI"      enable="TWIE"   flag="TWINT"  priority="7"  vector="0x0048" clear="1" autoclear="0"/>
        <interrupt name="SPM"      enable="" flag="" priority="6" vector="0x004A"/>
        <interrupt name="T4COA"    enable="OCIE4A" flag="OCF4A"  priority="5"  vector="0x004C"/>
        <interrupt name="T4COB"    enable="OCIE4B" flag="OCF4B"  priority="4"  vector="0x004E"/>
        <interrupt name="T4COD"    enable="OCIE4D" flag="OCF4D"  priority="3"  vector="0x0050"/>
        <interrupt name="T4_OVF"   enable="TOIE4"  flag="TOV4"   priority="2"  vector="0x0052"/>
        <interrupt name="T4_FPF"   enable=""  flag=""  priority="1" vector="0x0054"/>
    </interrupts>
</parts>
