<parts>
  <port name="PORTA" pins="8" outreg="PORTA" dirreg="!TRISA"
                     inpmask="11011111" 
                     opencol="00010000"
                     resetpin="PORTA5">
  </port>

  <port name="PORTB" pins="8" outreg="PORTB" dirreg="!TRISB" 
                     pullups="!RBPU" >
                     
    <interrupt name="PB_INT" mask="11110000"/>
    <extint    name="INT" pin="PORTB0" configbits="INTEDG"/>
  </port>
  
  <intosc name="intosc" type="01" configregsA="PCON" 
                        clockpins="PORTA6,PORTA7" />

  <timer name="TIMER0" type="800" configregsA="OPTION" clockpin="PORTA4"
                       counter="TMR0"
                       interrupt="T0_OVF"
                       prescalers="2,4,8,16,32,64,128,256"/>

  <timer name="TIMER1" type="160" configregsA="T1CON" clockpin="PORTB6"
                       counter="TMR1L,TMR1H"
                       interrupt="T1_OVF"
                       prescalers="1,2,4,8"/>

  <timer name="TIMER2" type="820" configregsA="T2CON" configregsB="PR2"
                       counter="TMR2"
                       interrupt="T2_MATCH"
                       prescalers="1,4,16,16"/>

  <ccpunit name="CCP1" type="01" configregsA="CCP1CON"
                       ccpreg="CCPR1L,CCPR1H"
                       pin="PORTB3"
                       interrupt="CCP1" />

  <usart name="USART0"  number="1" configregsA="TXSTA" configregsB="RCSTA"
                        interrupt="USART_T">

    <trunit type="tx" pin="PORTB2" register="TXREG"/>
    <trunit type="rx" pin="PORTB1" register="RCREG" interrupt="USART_R" />
  </usart>

  <vref name="Vref" configregsA="VRCON" pinout="PORTA2"/>

  <comp name="COMP1" type="01" configregsA="CMCON"
                      interrupt="ACOMP"
                      pins="PORTA0,PORTA3,PORTA2"/>

  <comp name="COMP2" type="02" configregsA="CMCON"
                      interrupt="ACOMP"
                      pins="PORTA1,PORTA2,PORTA4"/>

  <wdt name="WDT" configregsA="OPTION"
                  prescalers="1,2,4,8,16,32,64,128"/>

  <configwords name="cfgWord" type="01">
    <word name="COINFIG1" address="0x2007" value="0xFF" />
  </configwords>
</parts>
