
<parts>
  <interrupts enable="I">
    <interrupt name="RESET"                                 priority="35" vector="0x0000"/>
    <interrupt name="INT0"     enable="INT0"   flag="INTF0" priority="34" vector="0x0002" clear="1"/>
    <interrupt name="INT1"     enable="INT1"   flag="INTF1" priority="33" vector="0x0004" clear="1"/>
    <interrupt name="INT2"     enable="INT2"   flag="INTF2" priority="32" vector="0x0006" clear="1"/>
    <interrupt name="INT3"     enable="INT3"   flag="INTF3" priority="31" vector="0x0008" clear="1"/>
    <interrupt name="INT4"     enable="INT4"   flag="INTF4" priority="30" vector="0x000A" clear="1"/>
    <interrupt name="INT5"     enable="INT5"   flag="INTF5" priority="29" vector="0x000C" clear="1"/>
    <interrupt name="INT6"     enable="INT6"   flag="INTF6" priority="28" vector="0x000E" clear="1"/>
    <interrupt name="INT7"     enable="INT7"   flag="INTF7" priority="27" vector="0x0010" clear="1"/>
    <interrupt name="T2CO"     enable="OCIE2"  flag="OCF2"  priority="26" vector="0x0012" clear="1"/> 
    <interrupt name="T2_OVF"   enable="TOIE2"  flag="TOV2"  priority="25" vector="0x0014" clear="1"/>
    <interrupt name="T1CAP"    enable="TICIE1" flag="ICF1"  priority="24" vector="0x0016" clear="1"/>
    <interrupt name="T1COA"    enable="OCIE1A" flag="OCF1A" priority="23" vector="0x0018" clear="1"/>
    <interrupt name="T1COB"    enable="OCIE1B" flag="OCF1B" priority="22" vector="0x001A" clear="1"/>
    <interrupt name="T1_OVF"   enable="TOIE1"  flag="TOV1"  priority="21" vector="0x001C" clear="1"/>
    <interrupt name="T0CO"     enable="OCIE0"  flag="OCF0"  priority="20" vector="0x001E" clear="1"/> 
    <interrupt name="T0_OVF"   enable="TOIE0"  flag="TOV0"  priority="19" vector="0x0020" clear="1"/>
    <interrupt name="SPI"      enable="SPIE"   flag="SPIF"  priority="18" vector="0x0022" />
    <interrupt name="USART0_R" enable="RXCIE0" flag="RXC0"  priority="17" vector="0x0024" autoclear="0"/>
    <interrupt name="USART0_U" enable="UDRIE0" flag="UDRE0" priority="16" vector="0x0026" autoclear="0"/>
    <interrupt name="USART0_T" enable="TXCIE0" flag="TXC0"  priority="15" vector="0x0028" clear="1"/>
    <interrupt name="ADC"      enable="ADIE"   flag="ADIF"  priority="14" vector="0x002A" clear="1"/>
    <interrupt name="EEPR"     enable="EERIE"  flag=""      priority="13" vector="0x002C" />
    <interrupt name="ACOMP"    enable="ACIE"   flag="ACI"   priority="12" vector="0x002E" clear="1"/>
    <interrupt name="T1COC"    enable="OCIE1C" flag="OCF1C" priority="11" vector="0x0030" clear="1"/>
    <interrupt name="T3CAP"    enable="TICIE3" flag="ICF3"  priority="10" vector="0x0032" clear="1"/>
    <interrupt name="T3COA"    enable="OCIE3A" flag="OCF3A" priority="9"  vector="0x0034" clear="1"/>
    <interrupt name="T3COB"    enable="OCIE3B" flag="OCF3B" priority="8"  vector="0x0036" clear="1"/>
    <interrupt name="T3COC"    enable="OCIE3C" flag="OCF3C" priority="7"  vector="0x0038" clear="1"/>
    <interrupt name="T3_OVF"   enable="TOIE3"  flag="TOV3"  priority="6"  vector="0x003A" clear="1"/>
    <interrupt name="USART1_R" enable="RXCIE1" flag="RXC1"  priority="5"  vector="0x003C" autoclear="0"/>
    <interrupt name="USART1_U" enable="UDRIE1" flag="UDRE1" priority="4"  vector="0x003E" autoclear="0"/>
    <interrupt name="USART1_T" enable="TXCIE1" flag="TXC1"  priority="3"  vector="0x0040" clear="1"/>
    <interrupt name="TWI"      enable="TWIE"   flag="TWINT" priority="2"  vector="0x0042" clear="1" autoclear="0"/>
    <interrupt name="SPM"      enable=" "      flag=" "     priority="1"  vector="0x0044"/>

  </interrupts>
</parts>
