<parts>
  <interrupts enable="I">
    <interrupt name="RESET"                                  priority="45" vector="0x0000"/>
    <interrupt name="INT0"     enable="INT0"   flag="INTF0"  priority="44" vector="0x0002" clear="1"/>
    <interrupt name="INT1"     enable="INT1"   flag="INTF1"  priority="43" vector="0x0004" clear="1"/>
    <interrupt name="PCINT0"   enable="PCIE0"  flag="PCIF0"  priority="42" vector="0x0006" clear="1"/>
    <interrupt name="PCINT1"   enable="PCIE1"  flag="PCIF1"  priority="41" vector="0x0008" clear="1"/>
    <interrupt name="PCINT2"   enable="PCIE2"  flag="PCIF2"  priority="40" vector="0x000A" clear="1"/>
    <interrupt name="WDT"      enable="WDIE"   flag="WDIF"   priority="39" vector="0x000C"/>
    <interrupt name="T2COA"    enable="OCIE2A" flag="OCF2A"  priority="38" vector="0x000E" clear="1"/>
    <interrupt name="T2COB"    enable="OCIE2B" flag="OCF2B"  priority="37" vector="0x0010" clear="1"/>
    <interrupt name="T2_OVF"   enable="TOIE2"  flag="TOV2"   priority="36" vector="0x0012" clear="1"/>
    <interrupt name="T1CAP"    enable="ICIE1"  flag="ICF1"   priority="35" vector="0x0014" clear="1"/>
    <interrupt name="T1COA"    enable="OCIE1A" flag="OCF1A"  priority="34" vector="0x0016" clear="1"/>
    <interrupt name="T1COB"    enable="OCIE1B" flag="OCF1B"  priority="33" vector="0x0018" clear="1"/>
    <interrupt name="T1_OVF"   enable="TOIE1"  flag="TOV1"   priority="32" vector="0x001A" clear="1"/>
    <interrupt name="T0COA"    enable="OCIE0A" flag="OCF0A"  priority="31" vector="0x001C" clear="1"/>
    <interrupt name="T0COB"    enable="OCIE0B" flag="OCF0B"  priority="30" vector="0x001E" clear="1"/>
    <interrupt name="T0_OVF"   enable="TOIE0"  flag="TOV0"   priority="29" vector="0x0020" clear="1"/>
    <interrupt name="SPI0"     enable="SPIE0"  flag="SPIF0"  priority="28" vector="0x0022" />
    <interrupt name="USART0_R" enable="RXCIE0" flag="RXC0"   priority="27" vector="0x0024" autoclear="0"/>
    <interrupt name="USART0_U" enable="UDRIE0" flag="UDRE0"  priority="26" vector="0x0026" autoclear="0"/>
    <interrupt name="USART0_T" enable="TXCIE0" flag="TXC0"   priority="25" vector="0x0028" clear="1"/>
    <interrupt name="ADC"      enable="ADIE"   flag="ADIF"   priority="24" vector="0x002A" clear="1"/>
    <interrupt name="EEPR"     enable="EERIE"  flag=""       priority="23" vector="0x002C"/>
    <interrupt name="ACOMP"    enable="ACIE"   flag="ACI"    priority="22" vector="0x002E" clear="1"/>
    <interrupt name="TWI0"     enable="TWIE0"  flag="TWINT0" priority="21" vector="0x0030" clear="1" autoclear="0"/>
    <interrupt name="SPM"      enable=" "      flag=" "      priority="20" vector="0x0032"/>
    <interrupt name="USART0_S" enable=" "      flag=" "      priority="19" vector="0x0034"/>
    <interrupt name="PCINT3"   enable="PCIE3"  flag="PCIF3"  priority="18" vector="0x0036" clear="1"/>
    <interrupt name="USART1_R" enable="RXCIE1" flag="RXC1"   priority="17" vector="0x0038" autoclear="0"/>
    <interrupt name="USART1_U" enable="UDRIE1" flag="UDRE1"  priority="16" vector="0x003A" autoclear="0"/>
    <interrupt name="USART1_T" enable="TXCIE1" flag="TXC1"   priority="15" vector="0x003C" clear="1"/>
    <interrupt name="USART1_S" enable=" "      flag=" "      priority="14" vector="0x003E"/>
    <interrupt name="T3CAP"    enable="ICIE3"  flag="ICF3"   priority="13" vector="0x0040" clear="1"/>
    <interrupt name="T3COA"    enable="OCIE3A" flag="OCF3A"  priority="12" vector="0x0042" clear="1"/>
    <interrupt name="T3COB"    enable="OCIE3B" flag="OCF3B"  priority="11" vector="0x0044" clear="1"/>
    <interrupt name="T3_OVF"   enable="TOIE3"  flag="TOV3"   priority="10" vector="0x0046" clear="1"/>
    <interrupt name="CFD"      enable=" "      flag=" "      priority="9"  vector="0x0048"/>
    <interrupt name="PTC_EOC"  enable=" "      flag=" "      priority="8"  vector="0x004A"/>
    <interrupt name="PTC_WC"   enable=" "      flag=" "      priority="7"  vector="0x004C"/>
    <interrupt name="SPI1"     enable="SPI1E"  flag="SPI1F"  priority="6"  vector="0x004E" />
    <interrupt name="TWI1"     enable="TWIE1"  flag="TWINT1" priority="5"  vector="0x0050" clear="1" autoclear="0"/>
    <interrupt name="T4CAP"    enable="ICIE4"  flag="ICF4"   priority="4"  vector="0x0052" clear="1"/>
    <interrupt name="T4COA"    enable="OCIE4A" flag="OCF4A"  priority="3"  vector="0x0054" clear="1"/>
    <interrupt name="T4COB"    enable="OCIE4B" flag="OCF4B"  priority="2"  vector="0x0056" clear="1"/>
    <interrupt name="T4_OVF"   enable="TOIE4"  flag="TOV4"   priority="1"  vector="0x0058" clear="1"/>
  </interrupts>
</parts>
