<parts>
  <interrupts enable="I">
    <interrupt name="RESET"                                priority="26" vector="0x0000"/>
    <interrupt name="INT0"    enable="INT0"   flag="INTF0" priority="25" vector="0x0002" wakeup="11001111" clear="1"/>
    <interrupt name="INT1"    enable="INT1"   flag="INTF1" priority="24" vector="0x0004" wakeup="11001111" clear="1"/>
    <interrupt name="PCINT0"  enable="PCIE0"  flag="PCIF0" priority="23" vector="0x0006" wakeup="11001111" clear="1"/>
    <interrupt name="PCINT1"  enable="PCIE1"  flag="PCIF1" priority="22" vector="0x0008" wakeup="11001111" clear="1"/>
    <interrupt name="PCINT2"  enable="PCIE2"  flag="PCIF2" priority="21" vector="0x000A" wakeup="11001111" clear="1"/>
    <interrupt name="WDT"     enable="WDIE"   flag="WDIF"  priority="20" vector="0x000C"/>
    <interrupt name="T2COA"   enable="OCIE2A" flag="OCF2A" priority="19" vector="0x000E" clear="1"/>
    <interrupt name="T2COB"   enable="OCIE2B" flag="OCF2B" priority="18" vector="0x0010" clear="1"/>
    <interrupt name="T2_OVF"  enable="TOIE2"  flag="TOV2"  priority="17" vector="0x0012" clear="1"/>
    <interrupt name="T1CAP"   enable="ICIE1"  flag="ICF1"  priority="16" vector="0x0014" clear="1"/>
    <interrupt name="T1COA"   enable="OCIE1A" flag="OCF1A" priority="15" vector="0x0016" clear="1"/>
    <interrupt name="T1COB"   enable="OCIE1B" flag="OCF1B" priority="14" vector="0x0018" clear="1"/>
    <interrupt name="T1_OVF"  enable="TOIE1"  flag="TOV1"  priority="13" vector="0x001A" clear="1"/>
    <interrupt name="T0COA"   enable="OCIE0A" flag="OCF0A" priority="12" vector="0x001C" clear="1"/>
    <interrupt name="T0COB"   enable="OCIE0B" flag="OCF0B" priority="11" vector="0x001E" clear="1"/>
    <interrupt name="T0_OVF"  enable="TOIE0"  flag="TOV0"  priority="10" vector="0x0020" clear="1"/>
    <interrupt name="SPI"     enable="SPIE"   flag="SPIF"  priority="9"  vector="0x0022" />
    <interrupt name="USART_R" enable="RXCIE0" flag="RXC0"  priority="8"  vector="0x0024" autoclear="0"/>
    <interrupt name="USART_U" enable="UDRIE0" flag="UDRE0" priority="7"  vector="0x0026" autoclear="0"/>
    <interrupt name="USART_T" enable="TXCIE0" flag="TXC0"  priority="6"  vector="0x0028" clear="1"/>
    <interrupt name="ADC"     enable="ADIE"   flag="ADIF"  priority="5"  vector="0x002A" clear="1"/>
    <interrupt name="EEPR"    enable="EERIE"  flag=""      priority="4"  vector="0x002C"/>
    <interrupt name="ACOMP"   enable="ACIE"   flag="ACI"   priority="3"  vector="0x002E" clear="1"/>
    <interrupt name="TWI"     enable="TWIE"   flag="TWINT" priority="2"  vector="0x0030" clear="1" autoclear="0"/>
    <interrupt name="SPM"     enable=""       flag=""      priority="1"  vector="0x0032"/>
  </interrupts>
</parts>
