<parts>
    <interrupts enable="I">
        <interrupt name="RESET"                                priority="10"vector="0x000"/>
        <interrupt name="INT0"    enable="INT0"   flag="INTF0" priority="9" vector="0x001" clear="1"/>
        <interrupt name="PCINT"   enable="PCIE"   flag="PCIF"  priority="8" vector="0x002" clear="1"/>
        <interrupt name="T0_OVF"  enable="TOIE0"  flag="TOV0"  priority="7" vector="0x003" clear="1"/>
        <interrupt name="EEPR"    enable="EERIE"  flag=""      priority="6" vector="0x004"/>
        <interrupt name="ACOMP"   enable="ACIE"   flag="ACI"   priority="5" vector="0x005" clear="1"/>
        <interrupt name="T0COA"   enable="OCIE0A" flag="OCF0A" priority="4" vector="0x006" clear="1"/>
        <interrupt name="T0COB"   enable="OCIE0B" flag="OCF0B" priority="3" vector="0x007" clear="1"/>
        <interrupt name="WDT"     enable="WDTIE"  flag="WDTIF" priority="2" vector="0x008"/>
        <interrupt name="ADC"     enable="ADIE"   flag="ADIF"  priority="1" vector="0x009" clear="1"/>
    </interrupts>
</parts>
